1971,1971,0.37,WRI_CAIT_EESS_CO2_Bolivia_Other
1972,1972,0.4,WRI_CAIT_EESS_CO2_Bolivia_Other
1973,1973,0.45,WRI_CAIT_EESS_CO2_Bolivia_Other
1974,1974,0.5,WRI_CAIT_EESS_CO2_Bolivia_Other
1975,1975,0.54,WRI_CAIT_EESS_CO2_Bolivia_Other
1976,1976,0.58,WRI_CAIT_EESS_CO2_Bolivia_Other
1977,1977,0.61,WRI_CAIT_EESS_CO2_Bolivia_Other
1978,1978,0.64,WRI_CAIT_EESS_CO2_Bolivia_Other
1979,1979,0.63,WRI_CAIT_EESS_CO2_Bolivia_Other
1980,1980,0.67,WRI_CAIT_EESS_CO2_Bolivia_Other
1981,1981,0.72,WRI_CAIT_EESS_CO2_Bolivia_Other
1982,1982,0.72,WRI_CAIT_EESS_CO2_Bolivia_Other
1983,1983,0.79,WRI_CAIT_EESS_CO2_Bolivia_Other
1984,1984,0.78,WRI_CAIT_EESS_CO2_Bolivia_Other
1985,1985,0.78,WRI_CAIT_EESS_CO2_Bolivia_Other
1986,1986,0.69,WRI_CAIT_EESS_CO2_Bolivia_Other
1987,1987,0.71,WRI_CAIT_EESS_CO2_Bolivia_Other
1988,1988,0.66,WRI_CAIT_EESS_CO2_Bolivia_Other
1989,1989,0.67,WRI_CAIT_EESS_CO2_Bolivia_Other
1990,1990,0.63,WRI_CAIT_EESS_CO2_Bolivia_Other
1991,1991,0.66,WRI_CAIT_EESS_CO2_Bolivia_Other
1992,1992,0.71,WRI_CAIT_EESS_CO2_Bolivia_Other
1993,1993,0.66,WRI_CAIT_EESS_CO2_Bolivia_Other
1994,1994,0.71,WRI_CAIT_EESS_CO2_Bolivia_Other
1995,1995,0.77,WRI_CAIT_EESS_CO2_Bolivia_Other
1996,1996,0.82,WRI_CAIT_EESS_CO2_Bolivia_Other
1997,1997,0.95,WRI_CAIT_EESS_CO2_Bolivia_Other
1998,1998,0.97,WRI_CAIT_EESS_CO2_Bolivia_Other
1999,1999,0.97,WRI_CAIT_EESS_CO2_Bolivia_Other
2000,2000,1.42,WRI_CAIT_EESS_CO2_Bolivia_Other
2001,2001,1.45,WRI_CAIT_EESS_CO2_Bolivia_Other
2002,2002,1.53,WRI_CAIT_EESS_CO2_Bolivia_Other
2003,2003,1.63,WRI_CAIT_EESS_CO2_Bolivia_Other
2004,2004,1.99,WRI_CAIT_EESS_CO2_Bolivia_Other
2005,2005,1.99,WRI_CAIT_EESS_CO2_Bolivia_Other
2006,2006,2.22,WRI_CAIT_EESS_CO2_Bolivia_Other
2007,2007,2.27,WRI_CAIT_EESS_CO2_Bolivia_Other
2008,2008,2.47,WRI_CAIT_EESS_CO2_Bolivia_Other
2009,2009,2.4,WRI_CAIT_EESS_CO2_Bolivia_Other
2010,2010,3.01,WRI_CAIT_EESS_CO2_Bolivia_Other
2011,2011,3.22,WRI_CAIT_EESS_CO2_Bolivia_Other
2012,2012,3.55,WRI_CAIT_EESS_CO2_Bolivia_Other
1971,1971,29.1,WRI_CAIT_EESS_CO2_Argentina_Electricity
1972,1972,30.8,WRI_CAIT_EESS_CO2_Argentina_Electricity
1973,1973,30.69,WRI_CAIT_EESS_CO2_Argentina_Electricity
1974,1974,28.66,WRI_CAIT_EESS_CO2_Argentina_Electricity
1975,1975,28.14,WRI_CAIT_EESS_CO2_Argentina_Electricity
1976,1976,29.53,WRI_CAIT_EESS_CO2_Argentina_Electricity
1977,1977,32.25,WRI_CAIT_EESS_CO2_Argentina_Electricity
1978,1978,29.95,WRI_CAIT_EESS_CO2_Argentina_Electricity
1979,1979,32.13,WRI_CAIT_EESS_CO2_Argentina_Electricity
1980,1980,30.31,WRI_CAIT_EESS_CO2_Argentina_Electricity
1981,1981,29.13,WRI_CAIT_EESS_CO2_Argentina_Electricity
1982,1982,27.98,WRI_CAIT_EESS_CO2_Argentina_Electricity
1983,1983,29.21,WRI_CAIT_EESS_CO2_Argentina_Electricity
1984,1984,27.13,WRI_CAIT_EESS_CO2_Argentina_Electricity
1985,1985,25.63,WRI_CAIT_EESS_CO2_Argentina_Electricity
1986,1986,34.42,WRI_CAIT_EESS_CO2_Argentina_Electricity
1987,1987,34.11,WRI_CAIT_EESS_CO2_Argentina_Electricity
1988,1988,41.88,WRI_CAIT_EESS_CO2_Argentina_Electricity
1989,1989,40.8,WRI_CAIT_EESS_CO2_Argentina_Electricity
1990,1990,34.09,WRI_CAIT_EESS_CO2_Argentina_Electricity
1991,1991,38.06,WRI_CAIT_EESS_CO2_Argentina_Electricity
1992,1992,37.57,WRI_CAIT_EESS_CO2_Argentina_Electricity
1993,1993,34.01,WRI_CAIT_EESS_CO2_Argentina_Electricity
1994,1994,32.32,WRI_CAIT_EESS_CO2_Argentina_Electricity
1995,1995,34.02,WRI_CAIT_EESS_CO2_Argentina_Electricity
1996,1996,37.61,WRI_CAIT_EESS_CO2_Argentina_Electricity
1997,1997,37.29,WRI_CAIT_EESS_CO2_Argentina_Electricity
1998,1998,39.35,WRI_CAIT_EESS_CO2_Argentina_Electricity
1999,1999,44.32,WRI_CAIT_EESS_CO2_Argentina_Electricity
2000,2000,44.92,WRI_CAIT_EESS_CO2_Argentina_Electricity
2001,2001,38.95,WRI_CAIT_EESS_CO2_Argentina_Electricity
2002,2002,36.62,WRI_CAIT_EESS_CO2_Argentina_Electricity
2003,2003,40.38,WRI_CAIT_EESS_CO2_Argentina_Electricity
2004,2004,46.69,WRI_CAIT_EESS_CO2_Argentina_Electricity
2005,2005,47.37,WRI_CAIT_EESS_CO2_Argentina_Electricity
2006,2006,50.17,WRI_CAIT_EESS_CO2_Argentina_Electricity
2007,2007,55.82,WRI_CAIT_EESS_CO2_Argentina_Electricity
2008,2008,60.68,WRI_CAIT_EESS_CO2_Argentina_Electricity
2009,2009,60.95,WRI_CAIT_EESS_CO2_Argentina_Electricity
2010,2010,61.97,WRI_CAIT_EESS_CO2_Argentina_Electricity
2011,2011,66.38,WRI_CAIT_EESS_CO2_Argentina_Electricity
2012,2012,71.04,WRI_CAIT_EESS_CO2_Argentina_Electricity
1971,1971,5.96,WRI_CAIT_EESS_CO2_Chile_Transportation
1972,1972,5.77,WRI_CAIT_EESS_CO2_Chile_Transportation
1973,1973,5.43,WRI_CAIT_EESS_CO2_Chile_Transportation
1974,1974,5.16,WRI_CAIT_EESS_CO2_Chile_Transportation
1975,1975,4.48,WRI_CAIT_EESS_CO2_Chile_Transportation
1976,1976,4.57,WRI_CAIT_EESS_CO2_Chile_Transportation
1977,1977,4.8,WRI_CAIT_EESS_CO2_Chile_Transportation
1978,1978,5.32,WRI_CAIT_EESS_CO2_Chile_Transportation
1979,1979,5.74,WRI_CAIT_EESS_CO2_Chile_Transportation
1980,1980,6.18,WRI_CAIT_EESS_CO2_Chile_Transportation
1981,1981,6.55,WRI_CAIT_EESS_CO2_Chile_Transportation
1982,1982,6.19,WRI_CAIT_EESS_CO2_Chile_Transportation
1983,1983,6.21,WRI_CAIT_EESS_CO2_Chile_Transportation
1984,1984,6.19,WRI_CAIT_EESS_CO2_Chile_Transportation
1985,1985,6.12,WRI_CAIT_EESS_CO2_Chile_Transportation
1986,1986,6.29,WRI_CAIT_EESS_CO2_Chile_Transportation
1987,1987,6.72,WRI_CAIT_EESS_CO2_Chile_Transportation
1988,1988,7.66,WRI_CAIT_EESS_CO2_Chile_Transportation
1989,1989,8.21,WRI_CAIT_EESS_CO2_Chile_Transportation
1990,1990,8.99,WRI_CAIT_EESS_CO2_Chile_Transportation
1991,1991,9.39,WRI_CAIT_EESS_CO2_Chile_Transportation
1992,1992,10.18,WRI_CAIT_EESS_CO2_Chile_Transportation
1993,1993,11.29,WRI_CAIT_EESS_CO2_Chile_Transportation
1994,1994,12.21,WRI_CAIT_EESS_CO2_Chile_Transportation
1995,1995,13.5,WRI_CAIT_EESS_CO2_Chile_Transportation
1996,1996,14.69,WRI_CAIT_EESS_CO2_Chile_Transportation
1997,1997,15.57,WRI_CAIT_EESS_CO2_Chile_Transportation
1998,1998,16.39,WRI_CAIT_EESS_CO2_Chile_Transportation
1999,1999,16.57,WRI_CAIT_EESS_CO2_Chile_Transportation
2000,2000,16.81,WRI_CAIT_EESS_CO2_Chile_Transportation
2001,2001,15.9,WRI_CAIT_EESS_CO2_Chile_Transportation
2002,2002,16.41,WRI_CAIT_EESS_CO2_Chile_Transportation
2003,2003,16.16,WRI_CAIT_EESS_CO2_Chile_Transportation
2004,2004,16.75,WRI_CAIT_EESS_CO2_Chile_Transportation
2005,2005,18.37,WRI_CAIT_EESS_CO2_Chile_Transportation
2006,2006,18.1,WRI_CAIT_EESS_CO2_Chile_Transportation
2007,2007,19.61,WRI_CAIT_EESS_CO2_Chile_Transportation
2008,2008,20.37,WRI_CAIT_EESS_CO2_Chile_Transportation
2009,2009,20.5,WRI_CAIT_EESS_CO2_Chile_Transportation
2010,2010,21.22,WRI_CAIT_EESS_CO2_Chile_Transportation
2011,2011,21.64,WRI_CAIT_EESS_CO2_Chile_Transportation
2012,2012,22.2,WRI_CAIT_EESS_CO2_Chile_Transportation
1971,1971,16.72,WRI_CAIT_EESS_CO2_Argentina_Construction
1972,1972,15,WRI_CAIT_EESS_CO2_Argentina_Construction
1973,1973,15.94,WRI_CAIT_EESS_CO2_Argentina_Construction
1974,1974,17.28,WRI_CAIT_EESS_CO2_Argentina_Construction
1975,1975,16.22,WRI_CAIT_EESS_CO2_Argentina_Construction
1976,1976,17.61,WRI_CAIT_EESS_CO2_Argentina_Construction
1977,1977,15.6,WRI_CAIT_EESS_CO2_Argentina_Construction
1978,1978,16.84,WRI_CAIT_EESS_CO2_Argentina_Construction
1979,1979,17,WRI_CAIT_EESS_CO2_Argentina_Construction
1980,1980,16.15,WRI_CAIT_EESS_CO2_Argentina_Construction
1981,1981,14.98,WRI_CAIT_EESS_CO2_Argentina_Construction
1982,1982,15.29,WRI_CAIT_EESS_CO2_Argentina_Construction
1983,1983,14.68,WRI_CAIT_EESS_CO2_Argentina_Construction
1984,1984,16.45,WRI_CAIT_EESS_CO2_Argentina_Construction
1985,1985,15.89,WRI_CAIT_EESS_CO2_Argentina_Construction
1986,1986,14.23,WRI_CAIT_EESS_CO2_Argentina_Construction
1987,1987,17.12,WRI_CAIT_EESS_CO2_Argentina_Construction
1988,1988,15.47,WRI_CAIT_EESS_CO2_Argentina_Construction
1989,1989,15.99,WRI_CAIT_EESS_CO2_Argentina_Construction
1990,1990,15.77,WRI_CAIT_EESS_CO2_Argentina_Construction
1991,1991,15.73,WRI_CAIT_EESS_CO2_Argentina_Construction
1992,1992,15.97,WRI_CAIT_EESS_CO2_Argentina_Construction
1993,1993,16.11,WRI_CAIT_EESS_CO2_Argentina_Construction
1994,1994,23.2,WRI_CAIT_EESS_CO2_Argentina_Construction
1995,1995,23.34,WRI_CAIT_EESS_CO2_Argentina_Construction
1996,1996,25.3,WRI_CAIT_EESS_CO2_Argentina_Construction
1997,1997,30.62,WRI_CAIT_EESS_CO2_Argentina_Construction
1998,1998,31.53,WRI_CAIT_EESS_CO2_Argentina_Construction
1999,1999,30.27,WRI_CAIT_EESS_CO2_Argentina_Construction
2000,2000,30.26,WRI_CAIT_EESS_CO2_Argentina_Construction
2001,2001,30.97,WRI_CAIT_EESS_CO2_Argentina_Construction
2002,2002,29.43,WRI_CAIT_EESS_CO2_Argentina_Construction
2003,2003,32.31,WRI_CAIT_EESS_CO2_Argentina_Construction
2004,2004,36,WRI_CAIT_EESS_CO2_Argentina_Construction
2005,2005,34.95,WRI_CAIT_EESS_CO2_Argentina_Construction
2006,2006,38.06,WRI_CAIT_EESS_CO2_Argentina_Construction
2007,2007,37.8,WRI_CAIT_EESS_CO2_Argentina_Construction
2008,2008,36.98,WRI_CAIT_EESS_CO2_Argentina_Construction
2009,2009,34.5,WRI_CAIT_EESS_CO2_Argentina_Construction
2010,2010,35.15,WRI_CAIT_EESS_CO2_Argentina_Construction
2011,2011,35.06,WRI_CAIT_EESS_CO2_Argentina_Construction
2012,2012,33.91,WRI_CAIT_EESS_CO2_Argentina_Construction
1971,1971,2.62,WRI_CAIT_EESS_CO2_Chile_Other
1972,1972,2.95,WRI_CAIT_EESS_CO2_Chile_Other
1973,1973,3.1,WRI_CAIT_EESS_CO2_Chile_Other
1974,1974,2.84,WRI_CAIT_EESS_CO2_Chile_Other
1975,1975,2.57,WRI_CAIT_EESS_CO2_Chile_Other
1976,1976,2.67,WRI_CAIT_EESS_CO2_Chile_Other
1977,1977,2.78,WRI_CAIT_EESS_CO2_Chile_Other
1978,1978,2.63,WRI_CAIT_EESS_CO2_Chile_Other
1979,1979,2.55,WRI_CAIT_EESS_CO2_Chile_Other
1980,1980,2.48,WRI_CAIT_EESS_CO2_Chile_Other
1981,1981,2.49,WRI_CAIT_EESS_CO2_Chile_Other
1982,1982,2.48,WRI_CAIT_EESS_CO2_Chile_Other
1983,1983,2.26,WRI_CAIT_EESS_CO2_Chile_Other
1984,1984,2.28,WRI_CAIT_EESS_CO2_Chile_Other
1985,1985,2.21,WRI_CAIT_EESS_CO2_Chile_Other
1986,1986,2.52,WRI_CAIT_EESS_CO2_Chile_Other
1987,1987,2.41,WRI_CAIT_EESS_CO2_Chile_Other
1988,1988,2.63,WRI_CAIT_EESS_CO2_Chile_Other
1989,1989,2.82,WRI_CAIT_EESS_CO2_Chile_Other
1990,1990,3.34,WRI_CAIT_EESS_CO2_Chile_Other
1991,1991,3.77,WRI_CAIT_EESS_CO2_Chile_Other
1992,1992,4.26,WRI_CAIT_EESS_CO2_Chile_Other
1993,1993,4.35,WRI_CAIT_EESS_CO2_Chile_Other
1994,1994,4.57,WRI_CAIT_EESS_CO2_Chile_Other
1995,1995,4.47,WRI_CAIT_EESS_CO2_Chile_Other
1996,1996,4.58,WRI_CAIT_EESS_CO2_Chile_Other
1997,1997,5.15,WRI_CAIT_EESS_CO2_Chile_Other
1998,1998,4.21,WRI_CAIT_EESS_CO2_Chile_Other
1999,1999,4.49,WRI_CAIT_EESS_CO2_Chile_Other
2000,2000,4.72,WRI_CAIT_EESS_CO2_Chile_Other
2001,2001,4.68,WRI_CAIT_EESS_CO2_Chile_Other
2002,2002,4.63,WRI_CAIT_EESS_CO2_Chile_Other
2003,2003,4.25,WRI_CAIT_EESS_CO2_Chile_Other
2004,2004,4.88,WRI_CAIT_EESS_CO2_Chile_Other
2005,2005,4.4,WRI_CAIT_EESS_CO2_Chile_Other
2006,2006,4.38,WRI_CAIT_EESS_CO2_Chile_Other
2007,2007,4.85,WRI_CAIT_EESS_CO2_Chile_Other
2008,2008,4.98,WRI_CAIT_EESS_CO2_Chile_Other
2009,2009,5.2,WRI_CAIT_EESS_CO2_Chile_Other
2010,2010,5.93,WRI_CAIT_EESS_CO2_Chile_Other
2011,2011,6.96,WRI_CAIT_EESS_CO2_Chile_Other
2012,2012,6.2,WRI_CAIT_EESS_CO2_Chile_Other
1971,1971,375.86,WRI_CAIT_EESS_CO2_Germany_Electricity
1972,1972,388.89,WRI_CAIT_EESS_CO2_Germany_Electricity
1973,1973,403.71,WRI_CAIT_EESS_CO2_Germany_Electricity
1974,1974,409.39,WRI_CAIT_EESS_CO2_Germany_Electricity
1975,1975,381.82,WRI_CAIT_EESS_CO2_Germany_Electricity
1976,1976,417.86,WRI_CAIT_EESS_CO2_Germany_Electricity
1977,1977,408.83,WRI_CAIT_EESS_CO2_Germany_Electricity
1978,1978,424.98,WRI_CAIT_EESS_CO2_Germany_Electricity
1979,1979,445.7,WRI_CAIT_EESS_CO2_Germany_Electricity
1980,1980,443.2,WRI_CAIT_EESS_CO2_Germany_Electricity
1981,1981,436.79,WRI_CAIT_EESS_CO2_Germany_Electricity
1982,1982,427.2,WRI_CAIT_EESS_CO2_Germany_Electricity
1983,1983,425.61,WRI_CAIT_EESS_CO2_Germany_Electricity
1984,1984,428.81,WRI_CAIT_EESS_CO2_Germany_Electricity
1985,1985,418.08,WRI_CAIT_EESS_CO2_Germany_Electricity
1986,1986,419.87,WRI_CAIT_EESS_CO2_Germany_Electricity
1987,1987,413.18,WRI_CAIT_EESS_CO2_Germany_Electricity
1988,1988,415.5,WRI_CAIT_EESS_CO2_Germany_Electricity
1989,1989,419.21,WRI_CAIT_EESS_CO2_Germany_Electricity
1990,1990,402.63,WRI_CAIT_EESS_CO2_Germany_Electricity
1991,1991,399.98,WRI_CAIT_EESS_CO2_Germany_Electricity
1992,1992,383.75,WRI_CAIT_EESS_CO2_Germany_Electricity
1993,1993,375.97,WRI_CAIT_EESS_CO2_Germany_Electricity
1994,1994,376.24,WRI_CAIT_EESS_CO2_Germany_Electricity
1995,1995,370.37,WRI_CAIT_EESS_CO2_Germany_Electricity
1996,1996,381.12,WRI_CAIT_EESS_CO2_Germany_Electricity
1997,1997,365.48,WRI_CAIT_EESS_CO2_Germany_Electricity
1998,1998,365.47,WRI_CAIT_EESS_CO2_Germany_Electricity
1999,1999,351.4,WRI_CAIT_EESS_CO2_Germany_Electricity
2000,2000,356.29,WRI_CAIT_EESS_CO2_Germany_Electricity
2001,2001,368.4,WRI_CAIT_EESS_CO2_Germany_Electricity
2002,2002,370.17,WRI_CAIT_EESS_CO2_Germany_Electricity
2003,2003,378.21,WRI_CAIT_EESS_CO2_Germany_Electricity
2004,2004,373.77,WRI_CAIT_EESS_CO2_Germany_Electricity
2005,2005,370.26,WRI_CAIT_EESS_CO2_Germany_Electricity
2006,2006,374.62,WRI_CAIT_EESS_CO2_Germany_Electricity
2007,2007,386.48,WRI_CAIT_EESS_CO2_Germany_Electricity
2008,2008,366.99,WRI_CAIT_EESS_CO2_Germany_Electricity
2009,2009,338.63,WRI_CAIT_EESS_CO2_Germany_Electricity
2010,2010,356.44,WRI_CAIT_EESS_CO2_Germany_Electricity
2011,2011,348.87,WRI_CAIT_EESS_CO2_Germany_Electricity
2012,2012,359.05,WRI_CAIT_EESS_CO2_Germany_Electricity
1971,1971,252.21,WRI_CAIT_EESS_CO2_Germany_Construction
1972,1972,254.66,WRI_CAIT_EESS_CO2_Germany_Construction
1973,1973,272.57,WRI_CAIT_EESS_CO2_Germany_Construction
1974,1974,270.65,WRI_CAIT_EESS_CO2_Germany_Construction
1975,1975,246.87,WRI_CAIT_EESS_CO2_Germany_Construction
1976,1976,247.23,WRI_CAIT_EESS_CO2_Germany_Construction
1977,1977,240.12,WRI_CAIT_EESS_CO2_Germany_Construction
1978,1978,245.61,WRI_CAIT_EESS_CO2_Germany_Construction
1979,1979,254.75,WRI_CAIT_EESS_CO2_Germany_Construction
1980,1980,233.87,WRI_CAIT_EESS_CO2_Germany_Construction
1981,1981,225.27,WRI_CAIT_EESS_CO2_Germany_Construction
1982,1982,207.07,WRI_CAIT_EESS_CO2_Germany_Construction
1983,1983,215.01,WRI_CAIT_EESS_CO2_Germany_Construction
1984,1984,216.47,WRI_CAIT_EESS_CO2_Germany_Construction
1985,1985,219.29,WRI_CAIT_EESS_CO2_Germany_Construction
1986,1986,203.57,WRI_CAIT_EESS_CO2_Germany_Construction
1987,1987,202.82,WRI_CAIT_EESS_CO2_Germany_Construction
1988,1988,206.67,WRI_CAIT_EESS_CO2_Germany_Construction
1989,1989,205.7,WRI_CAIT_EESS_CO2_Germany_Construction
1990,1990,179.26,WRI_CAIT_EESS_CO2_Germany_Construction
1991,1991,153.93,WRI_CAIT_EESS_CO2_Germany_Construction
1992,1992,145.92,WRI_CAIT_EESS_CO2_Germany_Construction
1993,1993,137.48,WRI_CAIT_EESS_CO2_Germany_Construction
1994,1994,139.31,WRI_CAIT_EESS_CO2_Germany_Construction
1995,1995,140.07,WRI_CAIT_EESS_CO2_Germany_Construction
1996,1996,132.3,WRI_CAIT_EESS_CO2_Germany_Construction
1997,1997,131.08,WRI_CAIT_EESS_CO2_Germany_Construction
1998,1998,129.9,WRI_CAIT_EESS_CO2_Germany_Construction
1999,1999,124.34,WRI_CAIT_EESS_CO2_Germany_Construction
2000,2000,126.26,WRI_CAIT_EESS_CO2_Germany_Construction
2001,2001,120.29,WRI_CAIT_EESS_CO2_Germany_Construction
2002,2002,120.31,WRI_CAIT_EESS_CO2_Germany_Construction
2003,2003,118.27,WRI_CAIT_EESS_CO2_Germany_Construction
2004,2004,116.71,WRI_CAIT_EESS_CO2_Germany_Construction
2005,2005,115.72,WRI_CAIT_EESS_CO2_Germany_Construction
2006,2006,117.37,WRI_CAIT_EESS_CO2_Germany_Construction
2007,2007,116.69,WRI_CAIT_EESS_CO2_Germany_Construction
2008,2008,118.63,WRI_CAIT_EESS_CO2_Germany_Construction
2009,2009,104,WRI_CAIT_EESS_CO2_Germany_Construction
2010,2010,115.9,WRI_CAIT_EESS_CO2_Germany_Construction
2011,2011,114.78,WRI_CAIT_EESS_CO2_Germany_Construction
2012,2012,111.71,WRI_CAIT_EESS_CO2_Germany_Construction
1971,1971,6.25,WRI_CAIT_EESS_CO2_Chile_Electricity
1972,1972,5.58,WRI_CAIT_EESS_CO2_Chile_Electricity
1973,1973,5.29,WRI_CAIT_EESS_CO2_Chile_Electricity
1974,1974,5.17,WRI_CAIT_EESS_CO2_Chile_Electricity
1975,1975,4.66,WRI_CAIT_EESS_CO2_Chile_Electricity
1976,1976,5.05,WRI_CAIT_EESS_CO2_Chile_Electricity
1977,1977,5.17,WRI_CAIT_EESS_CO2_Chile_Electricity
1978,1978,5.35,WRI_CAIT_EESS_CO2_Chile_Electricity
1979,1979,6.29,WRI_CAIT_EESS_CO2_Chile_Electricity
1980,1980,6.38,WRI_CAIT_EESS_CO2_Chile_Electricity
1981,1981,6.18,WRI_CAIT_EESS_CO2_Chile_Electricity
1982,1982,5.03,WRI_CAIT_EESS_CO2_Chile_Electricity
1983,1983,5.17,WRI_CAIT_EESS_CO2_Chile_Electricity
1984,1984,5.75,WRI_CAIT_EESS_CO2_Chile_Electricity
1985,1985,5.3,WRI_CAIT_EESS_CO2_Chile_Electricity
1986,1986,5,WRI_CAIT_EESS_CO2_Chile_Electricity
1987,1987,4.98,WRI_CAIT_EESS_CO2_Chile_Electricity
1988,1988,6.78,WRI_CAIT_EESS_CO2_Chile_Electricity
1989,1989,9.64,WRI_CAIT_EESS_CO2_Chile_Electricity
1990,1990,10.5,WRI_CAIT_EESS_CO2_Chile_Electricity
1991,1991,8.27,WRI_CAIT_EESS_CO2_Chile_Electricity
1992,1992,7.04,WRI_CAIT_EESS_CO2_Chile_Electricity
1993,1993,7.14,WRI_CAIT_EESS_CO2_Chile_Electricity
1994,1994,9.16,WRI_CAIT_EESS_CO2_Chile_Electricity
1995,1995,10.05,WRI_CAIT_EESS_CO2_Chile_Electricity
1996,1996,13.86,WRI_CAIT_EESS_CO2_Chile_Electricity
1997,1997,15.64,WRI_CAIT_EESS_CO2_Chile_Electricity
1998,1998,18.57,WRI_CAIT_EESS_CO2_Chile_Electricity
1999,1999,21.11,WRI_CAIT_EESS_CO2_Chile_Electricity
2000,2000,16.45,WRI_CAIT_EESS_CO2_Chile_Electricity
2001,2001,14.63,WRI_CAIT_EESS_CO2_Chile_Electricity
2002,2002,15.74,WRI_CAIT_EESS_CO2_Chile_Electricity
2003,2003,17.18,WRI_CAIT_EESS_CO2_Chile_Electricity
2004,2004,20.86,WRI_CAIT_EESS_CO2_Chile_Electricity
2005,2005,20.86,WRI_CAIT_EESS_CO2_Chile_Electricity
2006,2006,20.88,WRI_CAIT_EESS_CO2_Chile_Electricity
2007,2007,26.18,WRI_CAIT_EESS_CO2_Chile_Electricity
2008,2008,28.72,WRI_CAIT_EESS_CO2_Chile_Electricity
2009,2009,26.81,WRI_CAIT_EESS_CO2_Chile_Electricity
2010,2010,27.15,WRI_CAIT_EESS_CO2_Chile_Electricity
2011,2011,32.06,WRI_CAIT_EESS_CO2_Chile_Electricity
2012,2012,36.46,WRI_CAIT_EESS_CO2_Chile_Electricity
1971,1971,6.01,WRI_CAIT_EESS_CO2_Chile_Construction
1972,1972,6.12,WRI_CAIT_EESS_CO2_Chile_Construction
1973,1973,6,WRI_CAIT_EESS_CO2_Chile_Construction
1974,1974,6.37,WRI_CAIT_EESS_CO2_Chile_Construction
1975,1975,5.27,WRI_CAIT_EESS_CO2_Chile_Construction
1976,1976,5.48,WRI_CAIT_EESS_CO2_Chile_Construction
1977,1977,5.81,WRI_CAIT_EESS_CO2_Chile_Construction
1978,1978,5.98,WRI_CAIT_EESS_CO2_Chile_Construction
1979,1979,5.91,WRI_CAIT_EESS_CO2_Chile_Construction
1980,1980,6.18,WRI_CAIT_EESS_CO2_Chile_Construction
1981,1981,5.93,WRI_CAIT_EESS_CO2_Chile_Construction
1982,1982,4.55,WRI_CAIT_EESS_CO2_Chile_Construction
1983,1983,5.21,WRI_CAIT_EESS_CO2_Chile_Construction
1984,1984,5.8,WRI_CAIT_EESS_CO2_Chile_Construction
1985,1985,5.81,WRI_CAIT_EESS_CO2_Chile_Construction
1986,1986,6.26,WRI_CAIT_EESS_CO2_Chile_Construction
1987,1987,6.26,WRI_CAIT_EESS_CO2_Chile_Construction
1988,1988,7.53,WRI_CAIT_EESS_CO2_Chile_Construction
1989,1989,9.11,WRI_CAIT_EESS_CO2_Chile_Construction
1990,1990,7.97,WRI_CAIT_EESS_CO2_Chile_Construction
1991,1991,8.29,WRI_CAIT_EESS_CO2_Chile_Construction
1992,1992,9.41,WRI_CAIT_EESS_CO2_Chile_Construction
1993,1993,9.61,WRI_CAIT_EESS_CO2_Chile_Construction
1994,1994,10.12,WRI_CAIT_EESS_CO2_Chile_Construction
1995,1995,10.63,WRI_CAIT_EESS_CO2_Chile_Construction
1996,1996,11.81,WRI_CAIT_EESS_CO2_Chile_Construction
1997,1997,15.44,WRI_CAIT_EESS_CO2_Chile_Construction
1998,1998,14.06,WRI_CAIT_EESS_CO2_Chile_Construction
1999,1999,14.46,WRI_CAIT_EESS_CO2_Chile_Construction
2000,2000,14.07,WRI_CAIT_EESS_CO2_Chile_Construction
2001,2001,14.92,WRI_CAIT_EESS_CO2_Chile_Construction
2002,2002,14.34,WRI_CAIT_EESS_CO2_Chile_Construction
2003,2003,15.4,WRI_CAIT_EESS_CO2_Chile_Construction
2004,2004,15.24,WRI_CAIT_EESS_CO2_Chile_Construction
2005,2005,14.55,WRI_CAIT_EESS_CO2_Chile_Construction
2006,2006,16.49,WRI_CAIT_EESS_CO2_Chile_Construction
2007,2007,14.74,WRI_CAIT_EESS_CO2_Chile_Construction
2008,2008,13.69,WRI_CAIT_EESS_CO2_Chile_Construction
2009,2009,12.77,WRI_CAIT_EESS_CO2_Chile_Construction
2010,2010,15.47,WRI_CAIT_EESS_CO2_Chile_Construction
2011,2011,15.36,WRI_CAIT_EESS_CO2_Chile_Construction
2012,2012,12.91,WRI_CAIT_EESS_CO2_Chile_Construction
1971,1971,0.45,WRI_CAIT_EESS_CO2_Bolivia_Construction
1972,1972,0.54,WRI_CAIT_EESS_CO2_Bolivia_Construction
1973,1973,0.5,WRI_CAIT_EESS_CO2_Bolivia_Construction
1974,1974,0.54,WRI_CAIT_EESS_CO2_Bolivia_Construction
1975,1975,0.67,WRI_CAIT_EESS_CO2_Bolivia_Construction
1976,1976,0.76,WRI_CAIT_EESS_CO2_Bolivia_Construction
1977,1977,0.61,WRI_CAIT_EESS_CO2_Bolivia_Construction
1978,1978,0.59,WRI_CAIT_EESS_CO2_Bolivia_Construction
1979,1979,0.47,WRI_CAIT_EESS_CO2_Bolivia_Construction
1980,1980,0.43,WRI_CAIT_EESS_CO2_Bolivia_Construction
1981,1981,0.56,WRI_CAIT_EESS_CO2_Bolivia_Construction
1982,1982,1.08,WRI_CAIT_EESS_CO2_Bolivia_Construction
1983,1983,1.28,WRI_CAIT_EESS_CO2_Bolivia_Construction
1984,1984,0.9,WRI_CAIT_EESS_CO2_Bolivia_Construction
1985,1985,0.7,WRI_CAIT_EESS_CO2_Bolivia_Construction
1986,1986,0.55,WRI_CAIT_EESS_CO2_Bolivia_Construction
1987,1987,0.39,WRI_CAIT_EESS_CO2_Bolivia_Construction
1988,1988,0.44,WRI_CAIT_EESS_CO2_Bolivia_Construction
1989,1989,0.61,WRI_CAIT_EESS_CO2_Bolivia_Construction
1990,1990,0.78,WRI_CAIT_EESS_CO2_Bolivia_Construction
1991,1991,0.73,WRI_CAIT_EESS_CO2_Bolivia_Construction
1992,1992,0.74,WRI_CAIT_EESS_CO2_Bolivia_Construction
1993,1993,0.73,WRI_CAIT_EESS_CO2_Bolivia_Construction
1994,1994,0.81,WRI_CAIT_EESS_CO2_Bolivia_Construction
1995,1995,0.89,WRI_CAIT_EESS_CO2_Bolivia_Construction
1996,1996,0.7,WRI_CAIT_EESS_CO2_Bolivia_Construction
1997,1997,0.77,WRI_CAIT_EESS_CO2_Bolivia_Construction
1998,1998,0.85,WRI_CAIT_EESS_CO2_Bolivia_Construction
1999,1999,0.87,WRI_CAIT_EESS_CO2_Bolivia_Construction
2000,2000,0.91,WRI_CAIT_EESS_CO2_Bolivia_Construction
2001,2001,0.87,WRI_CAIT_EESS_CO2_Bolivia_Construction
2002,2002,0.94,WRI_CAIT_EESS_CO2_Bolivia_Construction
2003,2003,0.97,WRI_CAIT_EESS_CO2_Bolivia_Construction
2004,2004,1.04,WRI_CAIT_EESS_CO2_Bolivia_Construction
2005,2005,1.08,WRI_CAIT_EESS_CO2_Bolivia_Construction
2006,2006,1.19,WRI_CAIT_EESS_CO2_Bolivia_Construction
2007,2007,1.29,WRI_CAIT_EESS_CO2_Bolivia_Construction
2008,2008,1.32,WRI_CAIT_EESS_CO2_Bolivia_Construction
2009,2009,1.54,WRI_CAIT_EESS_CO2_Bolivia_Construction
2010,2010,1.55,WRI_CAIT_EESS_CO2_Bolivia_Construction
2011,2011,1.73,WRI_CAIT_EESS_CO2_Bolivia_Construction
2012,2012,1.84,WRI_CAIT_EESS_CO2_Bolivia_Construction
1971,1971,41.95,WRI_CAIT_EESS_CO2_Brazil_Transportation
1972,1972,47.26,WRI_CAIT_EESS_CO2_Brazil_Transportation
1973,1973,55.71,WRI_CAIT_EESS_CO2_Brazil_Transportation
1974,1974,61.44,WRI_CAIT_EESS_CO2_Brazil_Transportation
1975,1975,65.43,WRI_CAIT_EESS_CO2_Brazil_Transportation
1976,1976,70.62,WRI_CAIT_EESS_CO2_Brazil_Transportation
1977,1977,68.75,WRI_CAIT_EESS_CO2_Brazil_Transportation
1978,1978,73.55,WRI_CAIT_EESS_CO2_Brazil_Transportation
1979,1979,76.87,WRI_CAIT_EESS_CO2_Brazil_Transportation
1980,1980,72.57,WRI_CAIT_EESS_CO2_Brazil_Transportation
1981,1981,72.37,WRI_CAIT_EESS_CO2_Brazil_Transportation
1982,1982,72.49,WRI_CAIT_EESS_CO2_Brazil_Transportation
1983,1983,67.98,WRI_CAIT_EESS_CO2_Brazil_Transportation
1984,1984,66.91,WRI_CAIT_EESS_CO2_Brazil_Transportation
1985,1985,69.36,WRI_CAIT_EESS_CO2_Brazil_Transportation
1986,1986,76.72,WRI_CAIT_EESS_CO2_Brazil_Transportation
1987,1987,75.42,WRI_CAIT_EESS_CO2_Brazil_Transportation
1988,1988,75.53,WRI_CAIT_EESS_CO2_Brazil_Transportation
1989,1989,78.81,WRI_CAIT_EESS_CO2_Brazil_Transportation
1990,1990,81.33,WRI_CAIT_EESS_CO2_Brazil_Transportation
1991,1991,85.09,WRI_CAIT_EESS_CO2_Brazil_Transportation
1992,1992,85.72,WRI_CAIT_EESS_CO2_Brazil_Transportation
1993,1993,89.15,WRI_CAIT_EESS_CO2_Brazil_Transportation
1994,1994,93.23,WRI_CAIT_EESS_CO2_Brazil_Transportation
1995,1995,103.12,WRI_CAIT_EESS_CO2_Brazil_Transportation
1996,1996,112.5,WRI_CAIT_EESS_CO2_Brazil_Transportation
1997,1997,119.37,WRI_CAIT_EESS_CO2_Brazil_Transportation
1998,1998,125.58,WRI_CAIT_EESS_CO2_Brazil_Transportation
1999,1999,122.96,WRI_CAIT_EESS_CO2_Brazil_Transportation
2000,2000,124.16,WRI_CAIT_EESS_CO2_Brazil_Transportation
2001,2001,126.67,WRI_CAIT_EESS_CO2_Brazil_Transportation
2002,2002,128.58,WRI_CAIT_EESS_CO2_Brazil_Transportation
2003,2003,126.07,WRI_CAIT_EESS_CO2_Brazil_Transportation
2004,2004,134.89,WRI_CAIT_EESS_CO2_Brazil_Transportation
2005,2005,135.59,WRI_CAIT_EESS_CO2_Brazil_Transportation
2006,2006,138.59,WRI_CAIT_EESS_CO2_Brazil_Transportation
2007,2007,144.21,WRI_CAIT_EESS_CO2_Brazil_Transportation
2008,2008,149.54,WRI_CAIT_EESS_CO2_Brazil_Transportation
2009,2009,146.98,WRI_CAIT_EESS_CO2_Brazil_Transportation
2010,2010,166.01,WRI_CAIT_EESS_CO2_Brazil_Transportation
2011,2011,181.9,WRI_CAIT_EESS_CO2_Brazil_Transportation
2012,2012,198.89,WRI_CAIT_EESS_CO2_Brazil_Transportation
1971,1971,23.88,WRI_CAIT_EESS_CO2_Argentina_Transportation
1972,1972,25.53,WRI_CAIT_EESS_CO2_Argentina_Transportation
1973,1973,26,WRI_CAIT_EESS_CO2_Argentina_Transportation
1974,1974,26.32,WRI_CAIT_EESS_CO2_Argentina_Transportation
1975,1975,25.06,WRI_CAIT_EESS_CO2_Argentina_Transportation
1976,1976,25.01,WRI_CAIT_EESS_CO2_Argentina_Transportation
1977,1977,26.97,WRI_CAIT_EESS_CO2_Argentina_Transportation
1978,1978,27.65,WRI_CAIT_EESS_CO2_Argentina_Transportation
1979,1979,29.97,WRI_CAIT_EESS_CO2_Argentina_Transportation
1980,1980,30.91,WRI_CAIT_EESS_CO2_Argentina_Transportation
1981,1981,31.01,WRI_CAIT_EESS_CO2_Argentina_Transportation
1982,1982,31.14,WRI_CAIT_EESS_CO2_Argentina_Transportation
1983,1983,31.26,WRI_CAIT_EESS_CO2_Argentina_Transportation
1984,1984,29.73,WRI_CAIT_EESS_CO2_Argentina_Transportation
1985,1985,26.02,WRI_CAIT_EESS_CO2_Argentina_Transportation
1986,1986,28.39,WRI_CAIT_EESS_CO2_Argentina_Transportation
1987,1987,29.03,WRI_CAIT_EESS_CO2_Argentina_Transportation
1988,1988,27.39,WRI_CAIT_EESS_CO2_Argentina_Transportation
1989,1989,27.41,WRI_CAIT_EESS_CO2_Argentina_Transportation
1990,1990,28.16,WRI_CAIT_EESS_CO2_Argentina_Transportation
1991,1991,29.67,WRI_CAIT_EESS_CO2_Argentina_Transportation
1992,1992,31.8,WRI_CAIT_EESS_CO2_Argentina_Transportation
1993,1993,35.39,WRI_CAIT_EESS_CO2_Argentina_Transportation
1994,1994,36.78,WRI_CAIT_EESS_CO2_Argentina_Transportation
1995,1995,37.93,WRI_CAIT_EESS_CO2_Argentina_Transportation
1996,1996,39.07,WRI_CAIT_EESS_CO2_Argentina_Transportation
1997,1997,40.21,WRI_CAIT_EESS_CO2_Argentina_Transportation
1998,1998,42.08,WRI_CAIT_EESS_CO2_Argentina_Transportation
1999,1999,40.71,WRI_CAIT_EESS_CO2_Argentina_Transportation
2000,2000,39.87,WRI_CAIT_EESS_CO2_Argentina_Transportation
2001,2001,36.22,WRI_CAIT_EESS_CO2_Argentina_Transportation
2002,2002,33.75,WRI_CAIT_EESS_CO2_Argentina_Transportation
2003,2003,34.65,WRI_CAIT_EESS_CO2_Argentina_Transportation
2004,2004,37.54,WRI_CAIT_EESS_CO2_Argentina_Transportation
2005,2005,39.27,WRI_CAIT_EESS_CO2_Argentina_Transportation
2006,2006,41.41,WRI_CAIT_EESS_CO2_Argentina_Transportation
2007,2007,42.08,WRI_CAIT_EESS_CO2_Argentina_Transportation
2008,2008,44.69,WRI_CAIT_EESS_CO2_Argentina_Transportation
2009,2009,40.19,WRI_CAIT_EESS_CO2_Argentina_Transportation
2010,2010,43,WRI_CAIT_EESS_CO2_Argentina_Transportation
2011,2011,48.79,WRI_CAIT_EESS_CO2_Argentina_Transportation
2012,2012,48.32,WRI_CAIT_EESS_CO2_Argentina_Transportation
1971,1971,7.85,WRI_CAIT_EESS_CO2_Brazil_Other
1972,1972,9.01,WRI_CAIT_EESS_CO2_Brazil_Other
1973,1973,10.45,WRI_CAIT_EESS_CO2_Brazil_Other
1974,1974,10.89,WRI_CAIT_EESS_CO2_Brazil_Other
1975,1975,11.48,WRI_CAIT_EESS_CO2_Brazil_Other
1976,1976,12.65,WRI_CAIT_EESS_CO2_Brazil_Other
1977,1977,13.27,WRI_CAIT_EESS_CO2_Brazil_Other
1978,1978,14.1,WRI_CAIT_EESS_CO2_Brazil_Other
1979,1979,15.97,WRI_CAIT_EESS_CO2_Brazil_Other
1980,1980,17.51,WRI_CAIT_EESS_CO2_Brazil_Other
1981,1981,17.47,WRI_CAIT_EESS_CO2_Brazil_Other
1982,1982,19.08,WRI_CAIT_EESS_CO2_Brazil_Other
1983,1983,19.9,WRI_CAIT_EESS_CO2_Brazil_Other
1984,1984,19.46,WRI_CAIT_EESS_CO2_Brazil_Other
1985,1985,21.73,WRI_CAIT_EESS_CO2_Brazil_Other
1986,1986,22.38,WRI_CAIT_EESS_CO2_Brazil_Other
1987,1987,24.26,WRI_CAIT_EESS_CO2_Brazil_Other
1988,1988,26.18,WRI_CAIT_EESS_CO2_Brazil_Other
1989,1989,27.01,WRI_CAIT_EESS_CO2_Brazil_Other
1990,1990,27.34,WRI_CAIT_EESS_CO2_Brazil_Other
1991,1991,27.07,WRI_CAIT_EESS_CO2_Brazil_Other
1992,1992,28.28,WRI_CAIT_EESS_CO2_Brazil_Other
1993,1993,29.48,WRI_CAIT_EESS_CO2_Brazil_Other
1994,1994,31.21,WRI_CAIT_EESS_CO2_Brazil_Other
1995,1995,33.01,WRI_CAIT_EESS_CO2_Brazil_Other
1996,1996,33.79,WRI_CAIT_EESS_CO2_Brazil_Other
1997,1997,35.92,WRI_CAIT_EESS_CO2_Brazil_Other
1998,1998,34.52,WRI_CAIT_EESS_CO2_Brazil_Other
1999,1999,35.91,WRI_CAIT_EESS_CO2_Brazil_Other
2000,2000,35.36,WRI_CAIT_EESS_CO2_Brazil_Other
2001,2001,36.94,WRI_CAIT_EESS_CO2_Brazil_Other
2002,2002,36.37,WRI_CAIT_EESS_CO2_Brazil_Other
2003,2003,34.3,WRI_CAIT_EESS_CO2_Brazil_Other
2004,2004,34.77,WRI_CAIT_EESS_CO2_Brazil_Other
2005,2005,34.02,WRI_CAIT_EESS_CO2_Brazil_Other
2006,2006,34.12,WRI_CAIT_EESS_CO2_Brazil_Other
2007,2007,35.71,WRI_CAIT_EESS_CO2_Brazil_Other
2008,2008,37.59,WRI_CAIT_EESS_CO2_Brazil_Other
2009,2009,36.74,WRI_CAIT_EESS_CO2_Brazil_Other
2010,2010,37.73,WRI_CAIT_EESS_CO2_Brazil_Other
2011,2011,37.48,WRI_CAIT_EESS_CO2_Brazil_Other
2012,2012,38.12,WRI_CAIT_EESS_CO2_Brazil_Other
1971,1971,0.39,WRI_CAIT_EESS_CO2_Bolivia_Electricity
1972,1972,0.4,WRI_CAIT_EESS_CO2_Bolivia_Electricity
1973,1973,0.45,WRI_CAIT_EESS_CO2_Bolivia_Electricity
1974,1974,0.45,WRI_CAIT_EESS_CO2_Bolivia_Electricity
1975,1975,0.51,WRI_CAIT_EESS_CO2_Bolivia_Electricity
1976,1976,0.54,WRI_CAIT_EESS_CO2_Bolivia_Electricity
1977,1977,0.63,WRI_CAIT_EESS_CO2_Bolivia_Electricity
1978,1978,0.69,WRI_CAIT_EESS_CO2_Bolivia_Electricity
1979,1979,0.81,WRI_CAIT_EESS_CO2_Bolivia_Electricity
1980,1980,1,WRI_CAIT_EESS_CO2_Bolivia_Electricity
1981,1981,1.25,WRI_CAIT_EESS_CO2_Bolivia_Electricity
1982,1982,1.39,WRI_CAIT_EESS_CO2_Bolivia_Electricity
1983,1983,1.07,WRI_CAIT_EESS_CO2_Bolivia_Electricity
1984,1984,1.17,WRI_CAIT_EESS_CO2_Bolivia_Electricity
1985,1985,1.09,WRI_CAIT_EESS_CO2_Bolivia_Electricity
1986,1986,1.18,WRI_CAIT_EESS_CO2_Bolivia_Electricity
1987,1987,1.28,WRI_CAIT_EESS_CO2_Bolivia_Electricity
1988,1988,1.18,WRI_CAIT_EESS_CO2_Bolivia_Electricity
1989,1989,1.35,WRI_CAIT_EESS_CO2_Bolivia_Electricity
1990,1990,1.54,WRI_CAIT_EESS_CO2_Bolivia_Electricity
1991,1991,1.47,WRI_CAIT_EESS_CO2_Bolivia_Electricity
1992,1992,1.68,WRI_CAIT_EESS_CO2_Bolivia_Electricity
1993,1993,1.59,WRI_CAIT_EESS_CO2_Bolivia_Electricity
1994,1994,1.83,WRI_CAIT_EESS_CO2_Bolivia_Electricity
1995,1995,2.17,WRI_CAIT_EESS_CO2_Bolivia_Electricity
1996,1996,1.78,WRI_CAIT_EESS_CO2_Bolivia_Electricity
1997,1997,1.78,WRI_CAIT_EESS_CO2_Bolivia_Electricity
1998,1998,2.02,WRI_CAIT_EESS_CO2_Bolivia_Electricity
1999,1999,1.61,WRI_CAIT_EESS_CO2_Bolivia_Electricity
2000,2000,1.9,WRI_CAIT_EESS_CO2_Bolivia_Electricity
2001,2001,1.68,WRI_CAIT_EESS_CO2_Bolivia_Electricity
2002,2002,1.96,WRI_CAIT_EESS_CO2_Bolivia_Electricity
2003,2003,2.28,WRI_CAIT_EESS_CO2_Bolivia_Electricity
2004,2004,2.33,WRI_CAIT_EESS_CO2_Bolivia_Electricity
2005,2005,2.85,WRI_CAIT_EESS_CO2_Bolivia_Electricity
2006,2006,2.95,WRI_CAIT_EESS_CO2_Bolivia_Electricity
2007,2007,3.25,WRI_CAIT_EESS_CO2_Bolivia_Electricity
2008,2008,3.46,WRI_CAIT_EESS_CO2_Bolivia_Electricity
2009,2009,3.69,WRI_CAIT_EESS_CO2_Bolivia_Electricity
2010,2010,4.14,WRI_CAIT_EESS_CO2_Bolivia_Electricity
2011,2011,4.41,WRI_CAIT_EESS_CO2_Bolivia_Electricity
2012,2012,4.66,WRI_CAIT_EESS_CO2_Bolivia_Electricity
1971,1971,0.97,WRI_CAIT_EESS_CO2_Bolivia_Transportation
1972,1972,1.05,WRI_CAIT_EESS_CO2_Bolivia_Transportation
1973,1973,1.13,WRI_CAIT_EESS_CO2_Bolivia_Transportation
1974,1974,1.24,WRI_CAIT_EESS_CO2_Bolivia_Transportation
1975,1975,1.49,WRI_CAIT_EESS_CO2_Bolivia_Transportation
1976,1976,1.65,WRI_CAIT_EESS_CO2_Bolivia_Transportation
1977,1977,1.9,WRI_CAIT_EESS_CO2_Bolivia_Transportation
1978,1978,2.13,WRI_CAIT_EESS_CO2_Bolivia_Transportation
1979,1979,2.14,WRI_CAIT_EESS_CO2_Bolivia_Transportation
1980,1980,2.09,WRI_CAIT_EESS_CO2_Bolivia_Transportation
1981,1981,2,WRI_CAIT_EESS_CO2_Bolivia_Transportation
1982,1982,1.64,WRI_CAIT_EESS_CO2_Bolivia_Transportation
1983,1983,1.74,WRI_CAIT_EESS_CO2_Bolivia_Transportation
1984,1984,1.7,WRI_CAIT_EESS_CO2_Bolivia_Transportation
1985,1985,1.72,WRI_CAIT_EESS_CO2_Bolivia_Transportation
1986,1986,1.72,WRI_CAIT_EESS_CO2_Bolivia_Transportation
1987,1987,1.96,WRI_CAIT_EESS_CO2_Bolivia_Transportation
1988,1988,1.98,WRI_CAIT_EESS_CO2_Bolivia_Transportation
1989,1989,2.11,WRI_CAIT_EESS_CO2_Bolivia_Transportation
1990,1990,2.2,WRI_CAIT_EESS_CO2_Bolivia_Transportation
1991,1991,2.32,WRI_CAIT_EESS_CO2_Bolivia_Transportation
1992,1992,2.29,WRI_CAIT_EESS_CO2_Bolivia_Transportation
1993,1993,2.65,WRI_CAIT_EESS_CO2_Bolivia_Transportation
1994,1994,2.75,WRI_CAIT_EESS_CO2_Bolivia_Transportation
1995,1995,3.06,WRI_CAIT_EESS_CO2_Bolivia_Transportation
1996,1996,3.17,WRI_CAIT_EESS_CO2_Bolivia_Transportation
1997,1997,2.99,WRI_CAIT_EESS_CO2_Bolivia_Transportation
1998,1998,3.09,WRI_CAIT_EESS_CO2_Bolivia_Transportation
1999,1999,3.1,WRI_CAIT_EESS_CO2_Bolivia_Transportation
2000,2000,2.91,WRI_CAIT_EESS_CO2_Bolivia_Transportation
2001,2001,2.84,WRI_CAIT_EESS_CO2_Bolivia_Transportation
2002,2002,2.89,WRI_CAIT_EESS_CO2_Bolivia_Transportation
2003,2003,3.08,WRI_CAIT_EESS_CO2_Bolivia_Transportation
2004,2004,3.36,WRI_CAIT_EESS_CO2_Bolivia_Transportation
2005,2005,3.51,WRI_CAIT_EESS_CO2_Bolivia_Transportation
2006,2006,3.9,WRI_CAIT_EESS_CO2_Bolivia_Transportation
2007,2007,4.38,WRI_CAIT_EESS_CO2_Bolivia_Transportation
2008,2008,4.89,WRI_CAIT_EESS_CO2_Bolivia_Transportation
2009,2009,5.11,WRI_CAIT_EESS_CO2_Bolivia_Transportation
2010,2010,5.36,WRI_CAIT_EESS_CO2_Bolivia_Transportation
2011,2011,5.89,WRI_CAIT_EESS_CO2_Bolivia_Transportation
2012,2012,6.27,WRI_CAIT_EESS_CO2_Bolivia_Transportation
1971,1971,99.24,WRI_CAIT_EESS_CO2_Germany_Transportation
1972,1972,103.23,WRI_CAIT_EESS_CO2_Germany_Transportation
1973,1973,106.17,WRI_CAIT_EESS_CO2_Germany_Transportation
1974,1974,101.76,WRI_CAIT_EESS_CO2_Germany_Transportation
1975,1975,105.42,WRI_CAIT_EESS_CO2_Germany_Transportation
1976,1976,106.98,WRI_CAIT_EESS_CO2_Germany_Transportation
1977,1977,112.86,WRI_CAIT_EESS_CO2_Germany_Transportation
1978,1978,121.94,WRI_CAIT_EESS_CO2_Germany_Transportation
1979,1979,125.61,WRI_CAIT_EESS_CO2_Germany_Transportation
1980,1980,127.99,WRI_CAIT_EESS_CO2_Germany_Transportation
1981,1981,123.89,WRI_CAIT_EESS_CO2_Germany_Transportation
1982,1982,124.16,WRI_CAIT_EESS_CO2_Germany_Transportation
1983,1983,126.22,WRI_CAIT_EESS_CO2_Germany_Transportation
1984,1984,129.86,WRI_CAIT_EESS_CO2_Germany_Transportation
1985,1985,129.92,WRI_CAIT_EESS_CO2_Germany_Transportation
1986,1986,135.97,WRI_CAIT_EESS_CO2_Germany_Transportation
1987,1987,140.92,WRI_CAIT_EESS_CO2_Germany_Transportation
1988,1988,145.82,WRI_CAIT_EESS_CO2_Germany_Transportation
1989,1989,149.27,WRI_CAIT_EESS_CO2_Germany_Transportation
1990,1990,157.59,WRI_CAIT_EESS_CO2_Germany_Transportation
1991,1991,160.28,WRI_CAIT_EESS_CO2_Germany_Transportation
1992,1992,162.79,WRI_CAIT_EESS_CO2_Germany_Transportation
1993,1993,167.36,WRI_CAIT_EESS_CO2_Germany_Transportation
1994,1994,164.81,WRI_CAIT_EESS_CO2_Germany_Transportation
1995,1995,166.68,WRI_CAIT_EESS_CO2_Germany_Transportation
1996,1996,167.78,WRI_CAIT_EESS_CO2_Germany_Transportation
1997,1997,168.43,WRI_CAIT_EESS_CO2_Germany_Transportation
1998,1998,171.33,WRI_CAIT_EESS_CO2_Germany_Transportation
1999,1999,176.11,WRI_CAIT_EESS_CO2_Germany_Transportation
2000,2000,171.89,WRI_CAIT_EESS_CO2_Germany_Transportation
2001,2001,167.96,WRI_CAIT_EESS_CO2_Germany_Transportation
2002,2002,165.55,WRI_CAIT_EESS_CO2_Germany_Transportation
2003,2003,162.47,WRI_CAIT_EESS_CO2_Germany_Transportation
2004,2004,162.37,WRI_CAIT_EESS_CO2_Germany_Transportation
2005,2005,154.22,WRI_CAIT_EESS_CO2_Germany_Transportation
2006,2006,152.13,WRI_CAIT_EESS_CO2_Germany_Transportation
2007,2007,147.16,WRI_CAIT_EESS_CO2_Germany_Transportation
2008,2008,147.78,WRI_CAIT_EESS_CO2_Germany_Transportation
2009,2009,145.82,WRI_CAIT_EESS_CO2_Germany_Transportation
2010,2010,146.91,WRI_CAIT_EESS_CO2_Germany_Transportation
2011,2011,148.64,WRI_CAIT_EESS_CO2_Germany_Transportation
2012,2012,147.22,WRI_CAIT_EESS_CO2_Germany_Transportation
1971,1971,27.83,WRI_CAIT_EESS_CO2_Brazil_Construction
1972,1972,30.41,WRI_CAIT_EESS_CO2_Brazil_Construction
1973,1973,35.85,WRI_CAIT_EESS_CO2_Brazil_Construction
1974,1974,41.33,WRI_CAIT_EESS_CO2_Brazil_Construction
1975,1975,44.18,WRI_CAIT_EESS_CO2_Brazil_Construction
1976,1976,51.07,WRI_CAIT_EESS_CO2_Brazil_Construction
1977,1977,55.67,WRI_CAIT_EESS_CO2_Brazil_Construction
1978,1978,61.82,WRI_CAIT_EESS_CO2_Brazil_Construction
1979,1979,68.27,WRI_CAIT_EESS_CO2_Brazil_Construction
1980,1980,67.24,WRI_CAIT_EESS_CO2_Brazil_Construction
1981,1981,53.98,WRI_CAIT_EESS_CO2_Brazil_Construction
1982,1982,54.3,WRI_CAIT_EESS_CO2_Brazil_Construction
1983,1983,49.67,WRI_CAIT_EESS_CO2_Brazil_Construction
1984,1984,49.61,WRI_CAIT_EESS_CO2_Brazil_Construction
1985,1985,49.43,WRI_CAIT_EESS_CO2_Brazil_Construction
1986,1986,52.03,WRI_CAIT_EESS_CO2_Brazil_Construction
1987,1987,57.14,WRI_CAIT_EESS_CO2_Brazil_Construction
1988,1988,59.57,WRI_CAIT_EESS_CO2_Brazil_Construction
1989,1989,59.61,WRI_CAIT_EESS_CO2_Brazil_Construction
1990,1990,55.91,WRI_CAIT_EESS_CO2_Brazil_Construction
1991,1991,59.25,WRI_CAIT_EESS_CO2_Brazil_Construction
1992,1992,59.44,WRI_CAIT_EESS_CO2_Brazil_Construction
1993,1993,62.04,WRI_CAIT_EESS_CO2_Brazil_Construction
1994,1994,64.52,WRI_CAIT_EESS_CO2_Brazil_Construction
1995,1995,68.09,WRI_CAIT_EESS_CO2_Brazil_Construction
1996,1996,73.81,WRI_CAIT_EESS_CO2_Brazil_Construction
1997,1997,78.81,WRI_CAIT_EESS_CO2_Brazil_Construction
1998,1998,81.13,WRI_CAIT_EESS_CO2_Brazil_Construction
1999,1999,86.24,WRI_CAIT_EESS_CO2_Brazil_Construction
2000,2000,93.88,WRI_CAIT_EESS_CO2_Brazil_Construction
2001,2001,90.35,WRI_CAIT_EESS_CO2_Brazil_Construction
2002,2002,93.45,WRI_CAIT_EESS_CO2_Brazil_Construction
2003,2003,92.01,WRI_CAIT_EESS_CO2_Brazil_Construction
2004,2004,94.87,WRI_CAIT_EESS_CO2_Brazil_Construction
2005,2005,94.52,WRI_CAIT_EESS_CO2_Brazil_Construction
2006,2006,96.33,WRI_CAIT_EESS_CO2_Brazil_Construction
2007,2007,104.56,WRI_CAIT_EESS_CO2_Brazil_Construction
2008,2008,105.71,WRI_CAIT_EESS_CO2_Brazil_Construction
2009,2009,96.48,WRI_CAIT_EESS_CO2_Brazil_Construction
2010,2010,115.13,WRI_CAIT_EESS_CO2_Brazil_Construction
2011,2011,125.22,WRI_CAIT_EESS_CO2_Brazil_Construction
2012,2012,121.44,WRI_CAIT_EESS_CO2_Brazil_Construction
1971,1971,251.32,WRI_CAIT_EESS_CO2_Germany_Other
1972,1972,256.46,WRI_CAIT_EESS_CO2_Germany_Other
1973,1973,270.67,WRI_CAIT_EESS_CO2_Germany_Other
1974,1974,246.74,WRI_CAIT_EESS_CO2_Germany_Other
1975,1975,241.39,WRI_CAIT_EESS_CO2_Germany_Other
1976,1976,260.17,WRI_CAIT_EESS_CO2_Germany_Other
1977,1977,255.36,WRI_CAIT_EESS_CO2_Germany_Other
1978,1978,263.32,WRI_CAIT_EESS_CO2_Germany_Other
1979,1979,277.59,WRI_CAIT_EESS_CO2_Germany_Other
1980,1980,250.55,WRI_CAIT_EESS_CO2_Germany_Other
1981,1981,236.31,WRI_CAIT_EESS_CO2_Germany_Other
1982,1982,223.9,WRI_CAIT_EESS_CO2_Germany_Other
1983,1983,217.09,WRI_CAIT_EESS_CO2_Germany_Other
1984,1984,230.99,WRI_CAIT_EESS_CO2_Germany_Other
1985,1985,247.32,WRI_CAIT_EESS_CO2_Germany_Other
1986,1986,256.93,WRI_CAIT_EESS_CO2_Germany_Other
1987,1987,250.29,WRI_CAIT_EESS_CO2_Germany_Other
1988,1988,233.23,WRI_CAIT_EESS_CO2_Germany_Other
1989,1989,202.64,WRI_CAIT_EESS_CO2_Germany_Other
1990,1990,210.18,WRI_CAIT_EESS_CO2_Germany_Other
1991,1991,210.63,WRI_CAIT_EESS_CO2_Germany_Other
1992,1992,194.07,WRI_CAIT_EESS_CO2_Germany_Other
1993,1993,199.06,WRI_CAIT_EESS_CO2_Germany_Other
1994,1994,188.14,WRI_CAIT_EESS_CO2_Germany_Other
1995,1995,190.7,WRI_CAIT_EESS_CO2_Germany_Other
1996,1996,215.32,WRI_CAIT_EESS_CO2_Germany_Other
1997,1997,200.81,WRI_CAIT_EESS_CO2_Germany_Other
1998,1998,192.24,WRI_CAIT_EESS_CO2_Germany_Other
1999,1999,175,WRI_CAIT_EESS_CO2_Germany_Other
2000,2000,170.6,WRI_CAIT_EESS_CO2_Germany_Other
2001,2001,186.65,WRI_CAIT_EESS_CO2_Germany_Other
2002,2002,174.71,WRI_CAIT_EESS_CO2_Germany_Other
2003,2003,172.4,WRI_CAIT_EESS_CO2_Germany_Other
2004,2004,162.74,WRI_CAIT_EESS_CO2_Germany_Other
2005,2005,159.41,WRI_CAIT_EESS_CO2_Germany_Other
2006,2006,167.62,WRI_CAIT_EESS_CO2_Germany_Other
2007,2007,128.99,WRI_CAIT_EESS_CO2_Germany_Other
2008,2008,152.8,WRI_CAIT_EESS_CO2_Germany_Other
2009,2009,141.97,WRI_CAIT_EESS_CO2_Germany_Other
2010,2010,150.64,WRI_CAIT_EESS_CO2_Germany_Other
2011,2011,129.94,WRI_CAIT_EESS_CO2_Germany_Other
2012,2012,137.29,WRI_CAIT_EESS_CO2_Germany_Other
1971,1971,13.07,WRI_CAIT_EESS_CO2_Argentina_Other
1972,1972,12.41,WRI_CAIT_EESS_CO2_Argentina_Other
1973,1973,14.89,WRI_CAIT_EESS_CO2_Argentina_Other
1974,1974,15.34,WRI_CAIT_EESS_CO2_Argentina_Other
1975,1975,16.07,WRI_CAIT_EESS_CO2_Argentina_Other
1976,1976,17.41,WRI_CAIT_EESS_CO2_Argentina_Other
1977,1977,18.43,WRI_CAIT_EESS_CO2_Argentina_Other
1978,1978,18.11,WRI_CAIT_EESS_CO2_Argentina_Other
1979,1979,18.63,WRI_CAIT_EESS_CO2_Argentina_Other
1980,1980,18.24,WRI_CAIT_EESS_CO2_Argentina_Other
1981,1981,19.23,WRI_CAIT_EESS_CO2_Argentina_Other
1982,1982,18.48,WRI_CAIT_EESS_CO2_Argentina_Other
1983,1983,19.97,WRI_CAIT_EESS_CO2_Argentina_Other
1984,1984,20.37,WRI_CAIT_EESS_CO2_Argentina_Other
1985,1985,20.66,WRI_CAIT_EESS_CO2_Argentina_Other
1986,1986,20.05,WRI_CAIT_EESS_CO2_Argentina_Other
1987,1987,21.55,WRI_CAIT_EESS_CO2_Argentina_Other
1988,1988,22.46,WRI_CAIT_EESS_CO2_Argentina_Other
1989,1989,21.03,WRI_CAIT_EESS_CO2_Argentina_Other
1990,1990,21.85,WRI_CAIT_EESS_CO2_Argentina_Other
1991,1991,21.95,WRI_CAIT_EESS_CO2_Argentina_Other
1992,1992,22.07,WRI_CAIT_EESS_CO2_Argentina_Other
1993,1993,22.81,WRI_CAIT_EESS_CO2_Argentina_Other
1994,1994,23.9,WRI_CAIT_EESS_CO2_Argentina_Other
1995,1995,24.54,WRI_CAIT_EESS_CO2_Argentina_Other
1996,1996,25.09,WRI_CAIT_EESS_CO2_Argentina_Other
1997,1997,24.57,WRI_CAIT_EESS_CO2_Argentina_Other
1998,1998,24.6,WRI_CAIT_EESS_CO2_Argentina_Other
1999,1999,26.12,WRI_CAIT_EESS_CO2_Argentina_Other
2000,2000,26.8,WRI_CAIT_EESS_CO2_Argentina_Other
2001,2001,25.52,WRI_CAIT_EESS_CO2_Argentina_Other
2002,2002,24.56,WRI_CAIT_EESS_CO2_Argentina_Other
2003,2003,26.77,WRI_CAIT_EESS_CO2_Argentina_Other
2004,2004,29.31,WRI_CAIT_EESS_CO2_Argentina_Other
2005,2005,31.01,WRI_CAIT_EESS_CO2_Argentina_Other
2006,2006,32.57,WRI_CAIT_EESS_CO2_Argentina_Other
2007,2007,32.92,WRI_CAIT_EESS_CO2_Argentina_Other
2008,2008,37.09,WRI_CAIT_EESS_CO2_Argentina_Other
2009,2009,36.2,WRI_CAIT_EESS_CO2_Argentina_Other
2010,2010,36.21,WRI_CAIT_EESS_CO2_Argentina_Other
2011,2011,33.47,WRI_CAIT_EESS_CO2_Argentina_Other
2012,2012,35.23,WRI_CAIT_EESS_CO2_Argentina_Other
1971,1971,12.62,WRI_CAIT_EESS_CO2_Brazil_Electricity
1972,1972,11.67,WRI_CAIT_EESS_CO2_Brazil_Electricity
1973,1973,13.43,WRI_CAIT_EESS_CO2_Brazil_Electricity
1974,1974,13.97,WRI_CAIT_EESS_CO2_Brazil_Electricity
1975,1975,14.57,WRI_CAIT_EESS_CO2_Brazil_Electricity
1976,1976,15.24,WRI_CAIT_EESS_CO2_Brazil_Electricity
1977,1977,16.27,WRI_CAIT_EESS_CO2_Brazil_Electricity
1978,1978,19.73,WRI_CAIT_EESS_CO2_Brazil_Electricity
1979,1979,20.08,WRI_CAIT_EESS_CO2_Brazil_Electricity
1980,1980,20.28,WRI_CAIT_EESS_CO2_Brazil_Electricity
1981,1981,20.96,WRI_CAIT_EESS_CO2_Brazil_Electricity
1982,1982,20.36,WRI_CAIT_EESS_CO2_Brazil_Electricity
1983,1983,20.43,WRI_CAIT_EESS_CO2_Brazil_Electricity
1984,1984,22.93,WRI_CAIT_EESS_CO2_Brazil_Electricity
1985,1985,23.69,WRI_CAIT_EESS_CO2_Brazil_Electricity
1986,1986,31.18,WRI_CAIT_EESS_CO2_Brazil_Electricity
1987,1987,30.26,WRI_CAIT_EESS_CO2_Brazil_Electricity
1988,1988,29.57,WRI_CAIT_EESS_CO2_Brazil_Electricity
1989,1989,28.17,WRI_CAIT_EESS_CO2_Brazil_Electricity
1990,1990,27.81,WRI_CAIT_EESS_CO2_Brazil_Electricity
1991,1991,27.86,WRI_CAIT_EESS_CO2_Brazil_Electricity
1992,1992,29.67,WRI_CAIT_EESS_CO2_Brazil_Electricity
1993,1993,30.01,WRI_CAIT_EESS_CO2_Brazil_Electricity
1994,1994,29.89,WRI_CAIT_EESS_CO2_Brazil_Electricity
1995,1995,31.36,WRI_CAIT_EESS_CO2_Brazil_Electricity
1996,1996,33.91,WRI_CAIT_EESS_CO2_Brazil_Electricity
1997,1997,38.14,WRI_CAIT_EESS_CO2_Brazil_Electricity
1998,1998,38.93,WRI_CAIT_EESS_CO2_Brazil_Electricity
1999,1999,45.33,WRI_CAIT_EESS_CO2_Brazil_Electricity
2000,2000,50.18,WRI_CAIT_EESS_CO2_Brazil_Electricity
2001,2001,54.91,WRI_CAIT_EESS_CO2_Brazil_Electricity
2002,2002,50.26,WRI_CAIT_EESS_CO2_Brazil_Electricity
2003,2003,50.44,WRI_CAIT_EESS_CO2_Brazil_Electricity
2004,2004,56.2,WRI_CAIT_EESS_CO2_Brazil_Electricity
2005,2005,58.54,WRI_CAIT_EESS_CO2_Brazil_Electricity
2006,2006,58.87,WRI_CAIT_EESS_CO2_Brazil_Electricity
2007,2007,58.12,WRI_CAIT_EESS_CO2_Brazil_Electricity
2008,2008,69.15,WRI_CAIT_EESS_CO2_Brazil_Electricity
2009,2009,58.12,WRI_CAIT_EESS_CO2_Brazil_Electricity
2010,2010,69.65,WRI_CAIT_EESS_CO2_Brazil_Electricity
2011,2011,63.41,WRI_CAIT_EESS_CO2_Brazil_Electricity
2012,2012,81.8,WRI_CAIT_EESS_CO2_Brazil_Electricity
